"U:0","U:1","U:2","epsilon","k","nut","p","tmp<kEpsilon:G>","vtkValidPointMask","arc_length","Points:0","Points:1","Points:2"
10.1212,-0.0405027,5.76935e-21,11.8544,0.323539,0.000795876,-7.2454,0.00753187,1,0,0.02,0.02,0
10.1219,-0.0412612,7.88922e-21,11.8169,0.322576,0.000793662,-7.25176,0.00745184,1,0.000866666,0.0208667,0.02,0
10.1226,-0.042031,0,11.78,0.321619,0.000791434,-7.2568,0.00754572,1,0.00173333,0.0217333,0.02,0
10.1231,-0.0428103,-2.89711e-20,11.7435,0.320667,0.000789192,-7.26041,0.00782002,1,0.0026,0.0226,0.02,0
10.1235,-0.043597,-2.50471e-20,11.7077,0.319722,0.000786931,-7.26246,0.00829094,1,0.00346667,0.0234667,0.02,0
10.1238,-0.0443884,-2.78413e-20,11.6722,0.318783,0.00078466,-7.2631,0.00890398,1,0.00433333,0.0243333,0.02,0
10.1239,-0.0451819,-4.43577e-20,11.6369,0.31785,0.000782387,-7.26231,0.00963916,1,0.0052,0.0252,0.02,0
10.1239,-0.0459731,-3.73137e-21,11.6081,0.316926,0.000779801,-7.26007,0.0110665,1,0.00606667,0.0260667,0.02,0
10.1237,-0.046758,1.64566e-21,11.5852,0.316013,0.000776946,-7.25626,0.0133291,1,0.00693333,0.0269333,0.02,0
10.1234,-0.0475345,8.52766e-21,11.5626,0.315109,0.000774117,-7.25087,0.015956,1,0.0078,0.0278,0.02,0
10.1229,-0.0482993,-3.03735e-20,11.5411,0.314211,0.000771257,-7.24397,0.0189187,1,0.00866667,0.0286667,0.02,0
10.1224,-0.0490484,-3.16697e-20,11.5206,0.313321,0.000768371,-7.23557,0.0222163,1,0.00953333,0.0295333,0.02,0
10.1217,-0.049778,-2.46306e-20,11.5009,0.312437,0.000765474,-7.22569,0.0258439,1,0.0104,0.0304,0.02,0
10.1208,-0.0504842,-2.30519e-20,11.4819,0.31156,0.000762569,-7.21434,0.0297863,1,0.0112667,0.0312667,0.02,0
10.1198,-0.0511624,-2.04676e-20,11.4637,0.31069,0.000759651,-7.20154,0.0340246,1,0.0121333,0.0321333,0.02,0
10.1187,-0.0518043,4.17937e-20,11.4463,0.309826,0.000756722,-7.18718,0.0385547,1,0.013,0.033,0.02,0
10.1175,-0.0524075,-1.07948e-20,11.4299,0.308967,0.00075376,-7.17142,0.0432991,1,0.0138667,0.0338667,0.02,0
10.1162,-0.0529666,-6.04242e-20,11.4143,0.308111,0.000750766,-7.15431,0.0482194,1,0.0147333,0.0347333,0.02,0
10.1147,-0.053477,1.68621e-21,11.4,0.307258,0.000747723,-7.13586,0.0533317,1,0.0156,0.0356,0.02,0
10.1132,-0.0539359,3.70421e-20,11.3872,0.306409,0.000744618,-7.11608,0.0586955,1,0.0164667,0.0364667,0.02,0
10.1115,-0.0543427,4.03057e-20,11.3762,0.305566,0.000741433,-7.09502,0.0643528,1,0.0173333,0.0373333,0.02,0
10.1098,-0.0546972,3.57071e-21,11.367,0.304727,0.000738195,-7.0728,0.0702897,1,0.0182,0.0382,0.02,0
10.108,-0.0549982,-1.93828e-20,11.36,0.303895,0.000734875,-7.04955,0.0764336,1,0.0190667,0.0390667,0.02,0
10.1061,-0.0552436,1.87175e-20,11.3595,0.30307,0.000731204,-7.02539,0.0826891,1,0.0199333,0.0399333,0.02,0
10.1042,-0.0554304,8.9763e-20,11.3692,0.30225,0.000726925,-7.00039,0.0889698,1,0.0208,0.0408,0.02,0
10.1023,-0.0555561,7.15532e-20,11.389,0.301434,0.000722072,-6.97458,0.0952207,1,0.0216667,0.0416667,0.02,0
10.1003,-0.0556192,-1.11283e-20,11.4196,0.30062,0.000716629,-6.94801,0.101397,1,0.0225333,0.0425333,0.02,0
10.0983,-0.0556194,-3.18593e-20,11.4612,0.299805,0.000710606,-6.92078,0.107473,1,0.0234,0.0434,0.02,0
10.0963,-0.055557,-3.52378e-20,11.5162,0.298991,0.000703887,-6.89302,0.113444,1,0.0242667,0.0442667,0.02,0
10.0943,-0.055433,-2.11406e-20,11.5884,0.298171,0.000696214,-6.86483,0.119339,1,0.0251333,0.0451333,0.02,0
10.0923,-0.0552498,-4.07419e-21,11.679,0.297353,0.000687606,-6.83629,0.125214,1,0.026,0.046,0.02,0
10.0904,-0.055011,-1.71345e-20,11.7884,0.29652,0.000678028,-6.8075,0.13109,1,0.0268667,0.0468667,0.02,0
10.0885,-0.0547209,-2.08048e-20,11.9171,0.29568,0.000667553,-6.77858,0.137016,1,0.0277333,0.0477333,0.02,0
10.0866,-0.0543847,-3.96907e-20,12.0653,0.294816,0.000656176,-6.74962,0.143014,1,0.0286,0.0486,0.02,0
10.0848,-0.0540082,-4.86621e-20,12.2325,0.293936,0.000644021,-6.72071,0.149158,1,0.0294667,0.0494667,0.02,0
10.0831,-0.0535983,-5.85354e-20,12.4181,0.293016,0.000631106,-6.69188,0.155471,1,0.0303333,0.0503333,0.02,0
10.0815,-0.0531631,-8.79871e-20,12.6209,0.292056,0.000617552,-6.6632,0.16204,1,0.0312,0.0512,0.02,0
10.0799,-0.0527108,-7.83453e-20,12.8394,0.291069,0.000603561,-6.63475,0.168906,1,0.0320667,0.0520667,0.02,0
10.0784,-0.0522499,-4.58479e-20,13.0718,0.290018,0.000589148,-6.6066,0.176066,1,0.0329333,0.0529333,0.02,0
10.077,-0.0517901,-5.80703e-20,13.3159,0.288894,0.000574396,-6.57879,0.183673,1,0.0338,0.0538,0.02,0
10.0758,-0.0513419,-4.39797e-20,13.5703,0.287754,0.000559644,-6.5513,0.19188,1,0.0346667,0.0546667,0.02,0
10.0746,-0.050916,3.47213e-20,13.8331,0.28656,0.000544874,-6.52417,0.20052,1,0.0355333,0.0555333,0.02,0
10.0735,-0.050524,5.24313e-20,14.1028,0.285245,0.000529876,-6.4974,0.209934,1,0.0364,0.0564,0.02,0
10.0725,-0.0501849,5.12323e-20,14.3798,0.283986,0.000515379,-6.47101,0.221044,1,0.0372667,0.0572667,0.02,0
10.0716,-0.0499095,4.06658e-20,14.6626,0.282894,0.000501766,-6.44494,0.233497,1,0.0381333,0.0581333,0.02,0
10.0707,-0.0497103,5.49729e-20,14.9508,0.282123,0.00048945,-6.41909,0.247364,1,0.039,0.059,0.02,0
10.07,-0.0496015,3.66912e-20,15.2443,0.281723,0.000478602,-6.39335,0.262903,1,0.0398667,0.0598667,0.02,0
10.0692,-0.0495964,1.5829e-20,15.5436,0.281595,0.000468835,-6.36763,0.280132,1,0.0407333,0.0607333,0.02,0
10.0686,-0.0497082,5.12909e-20,15.8492,0.28165,0.000459786,-6.34187,0.299074,1,0.0416,0.0616,0.02,0
10.0679,-0.0499504,1.20762e-19,16.1615,0.281859,0.00045129,-6.316,0.319862,1,0.0424667,0.0624667,0.02,0
10.0673,-0.050337,5.1594e-20,16.4815,0.282189,0.000443185,-6.28989,0.342672,1,0.0433333,0.0633333,0.02,0
10.0666,-0.050913,2.46726e-20,16.8119,0.282894,0.000436333,-6.26325,0.368335,1,0.0442,0.0642,0.02,0
10.0659,-0.0516756,3.59497e-20,17.1525,0.284044,0.000430913,-6.23592,0.396688,1,0.0450667,0.0650667,0.02,0
10.0651,-0.0526294,2.07076e-20,17.5038,0.28556,0.000426565,-6.20775,0.427838,1,0.0459333,0.0659333,0.02,0
10.0642,-0.0537863,2.54651e-20,17.8667,0.287421,0.000423161,-6.17845,0.462034,1,0.0468,0.0668,0.02,0
10.0631,-0.0551585,6.54471e-20,18.242,0.289615,0.000420623,-6.14771,0.499511,1,0.0476667,0.0676667,0.02,0
10.0619,-0.0567585,8.5538e-20,18.6303,0.292126,0.000418864,-6.11523,0.540473,1,0.0485333,0.0685333,0.02,0
10.0604,-0.0586549,-1.97428e-20,19.0363,0.294992,0.000417906,-6.08038,0.58644,1,0.0494,0.0694,0.02,0
10.0586,-0.0608301,-7.56588e-20,19.4586,0.298132,0.0004175,-6.04327,0.637107,1,0.0502667,0.0702667,0.02,0
10.0566,-0.0632784,-4.37988e-20,19.8965,0.301498,0.000417507,-6.00385,0.692374,1,0.0511333,0.0711333,0.02,0
10.0543,-0.0660082,-3.01264e-21,20.3503,0.305067,0.000417847,-5.96189,0.752506,1,0.052,0.072,0.02,0
10.0516,-0.0690266,-4.12498e-20,20.8203,0.308819,0.00041845,-5.91712,0.81776,1,0.0528667,0.0728667,0.02,0
10.0484,-0.0724066,-4.23281e-20,21.3115,0.312766,0.000419285,-5.86845,0.890421,1,0.0537333,0.0737333,0.02,0
10.0447,-0.0761361,1.60676e-20,21.8228,0.316876,0.00042027,-5.81564,0.970737,1,0.0546,0.0746,0.02,0
10.0405,-0.0801823,3.95632e-20,22.3512,0.321113,0.000421355,-5.75895,1.05791,1,0.0554667,0.0754667,0.02,0
10.0358,-0.0845475,8.19661e-21,22.8963,0.325469,0.000422523,-5.69825,1.15211,1,0.0563333,0.0763333,0.02,0
10.0306,-0.089239,-7.41093e-20,23.4581,0.329936,0.000423758,-5.63332,1.25367,1,0.0572,0.0772,0.02,0
10.0245,-0.0943703,-1.11513e-19,24.0457,0.334557,0.000425066,-5.56219,1.36793,1,0.0580667,0.0780667,0.02,0
10.0178,-0.0998171,-7.37238e-20,24.6494,0.33927,0.000426408,-5.48617,1.4912,1,0.0589333,0.0789333,0.02,0
10.0104,-0.105575,-1.38565e-20,25.2685,0.344066,0.000427775,-5.40499,1.62374,1,0.0598,0.0798,0.02,0
10.0023,-0.11164,2.28282e-20,25.9025,0.34894,0.000429161,-5.31842,1.76572,1,0.0606667,0.0806667,0.02,0
9.99311,-0.118121,4.27046e-20,26.5602,0.353924,0.000430558,-5.22371,1.92447,1,0.0615333,0.0815333,0.02,0
9.98305,-0.124915,3.77758e-20,27.2337,0.358974,0.000431951,-5.12258,2.09572,1,0.0624,0.0824,0.02,0
9.97216,-0.131994,2.0029e-20,27.9202,0.364079,0.000433338,-5.01541,2.27834,1,0.0632667,0.0832667,0.02,0
9.96045,-0.13935,-1.28566e-22,28.619,0.369231,0.000434715,-4.9022,2.47223,1,0.0641333,0.0841333,0.02,0
9.94734,-0.14709,-6.17352e-21,29.3417,0.374474,0.000436083,-4.77936,2.68886,1,0.065,0.085,0.02,0
9.93328,-0.155083,-4.99829e-20,30.0764,0.379761,0.000437444,-4.64982,2.91927,1,0.0658667,0.0858667,0.02,0
9.91829,-0.16331,-9.72634e-20,30.8216,0.385085,0.000438798,-4.51381,3.1624,1,0.0667333,0.0867333,0.02,0
9.90218,-0.171791,-9.50143e-20,31.5804,0.390456,0.000440145,-4.3702,3.4218,1,0.0676,0.0876,0.02,0
9.88461,-0.180545,-1.04748e-19,32.3587,0.395894,0.000441492,-4.21694,3.70559,1,0.0684667,0.0884667,0.02,0
9.86605,-0.189474,-1.2943e-19,33.1457,0.401356,0.000442827,-4.05713,4.00285,1,0.0693333,0.0893333,0.02,0
9.84652,-0.198569,-1.68364e-19,33.9405,0.406837,0.000444147,-3.89085,4.31281,1,0.0702,0.0902,0.02,0
9.82536,-0.207859,-1.76776e-19,34.754,0.412369,0.000445454,-3.71453,4.65079,1,0.0710667,0.0910667,0.02,0
9.80299,-0.21727,-1.56985e-19,35.5774,0.417914,0.00044673,-3.53065,5.00702,1,0.0719333,0.0919333,0.02,0
9.77959,-0.226779,-1.05879e-19,36.4065,0.423459,0.000447977,-3.3403,5.37621,1,0.0728,0.0928,0.02,0
9.75477,-0.23638,-1.1074e-20,37.2474,0.429017,0.000449187,-3.14131,5.76775,1,0.0736667,0.0936667,0.02,0
9.72839,-0.24603,1.10062e-19,38.1009,0.434576,0.000450343,-2.93319,6.18488,1,0.0745333,0.0945333,0.02,0
9.70098,-0.25571,1.91627e-19,38.9575,0.440115,0.000451458,-2.71896,6.61392,1,0.0754,0.0954,0.02,0
9.67234,-0.265403,1.88034e-19,39.8202,0.445639,0.000452526,-2.49759,7.05982,1,0.0762667,0.0962667,0.02,0
9.6412,-0.274994,7.15814e-20,40.783,0.451427,0.000453506,-2.26701,7.62763,1,0.0771333,0.0971333,0.02,0
9.60888,-0.284533,-3.36183e-20,41.7703,0.457253,0.000454443,-2.03112,8.23636,1,0.078,0.098,0.02,0
9.57538,-0.29401,-1.03584e-19,42.7662,0.463062,0.000455339,-1.78935,8.87178,1,0.0788667,0.0988667,0.02,0
9.53995,-0.303306,-1.03043e-19,43.7794,0.468855,0.000456186,-1.53875,9.55705,1,0.0797333,0.0997333,0.02,0
9.50354,-0.312496,-5.74735e-20,44.7964,0.47462,0.000457009,-1.28366,10.2655,1,0.0806,0.1006,0.02,0
9.466,-0.321556,3.73691e-20,45.8186,0.48036,0.000457809,-1.02353,11.0008,1,0.0814667,0.101467,0.02,0
9.4266,-0.33032,4.23152e-20,46.854,0.486079,0.000458594,-0.755926,11.7896,1,0.0823333,0.102333,0.02,0
9.38629,-0.338926,4.10921e-20,47.8898,0.491769,0.000459379,-0.484736,12.6008,1,0.0832,0.1032,0.02,0
9.34483,-0.347319,4.26876e-20,48.9285,0.497434,0.00046017,-0.209165,13.4426,1,0.0840667,0.104067,0.02,0
9.30167,-0.355322,1.4561e-20,49.9753,0.503081,0.000460986,0.0720782,14.3368,1,0.0849333,0.104933,0.02,0
9.25769,-0.363119,-1.86011e-20,51.0193,0.508701,0.000461823,0.35604,15.2511,1,0.0858,0.1058,0.02,0
9.21247,-0.370579,-5.09701e-20,52.0647,0.514307,0.000462708,0.643822,16.203,1,0.0866667,0.106667,0.02,0
9.16584,-0.377598,-2.78992e-20,53.112,0.519897,0.000463647,0.935244,17.2006,1,0.0875333,0.107533,0.02,0
9.11852,-0.384376,8.85105e-22,54.1538,0.525459,0.000464619,1.22853,18.2156,1,0.0884,0.1084,0.02,0
9.06984,-0.39065,-1.87891e-20,55.196,0.531023,0.000465683,1.52473,19.281,1,0.0892667,0.109267,0.02,0
9.02019,-0.396507,-2.80415e-20,56.2336,0.536573,0.000466822,1.82251,20.3809,1,0.0901333,0.110133,0.02,0
8.96997,-0.402101,-3.12989e-20,57.2631,0.542096,0.000468005,2.12133,21.4946,1,0.091,0.111,0.02,0
8.91826,-0.406976,-6.30687e-21,58.2921,0.547635,0.00046932,2.42142,22.678,1,0.0918667,0.111867,0.02,0
8.86605,-0.411537,9.72801e-21,59.3109,0.553156,0.000470704,2.72165,23.8785,1,0.0927333,0.112733,0.02,0
8.81311,-0.41566,1.24446e-20,60.3209,0.558672,0.000472186,3.02203,25.11,1,0.0936,0.1136,0.02,0
8.75914,-0.419127,1.38733e-20,61.3243,0.564189,0.000473781,3.32171,26.3975,1,0.0944667,0.114467,0.02,0
8.70486,-0.422306,1.33854e-20,62.3156,0.569683,0.000475435,3.62092,27.6953,1,0.0953333,0.115333,0.02,0
8.64963,-0.424794,5.72373e-21,63.2958,0.575196,0.000477256,3.91851,29.0526,1,0.0962,0.1162,0.02,0
8.59397,-0.426837,-4.63372e-21,64.2641,0.580688,0.000479149,4.21452,30.436,1,0.0970667,0.117067,0.02,0
8.53794,-0.42849,-1.72771e-20,65.22,0.586155,0.000481104,4.50916,31.8374,1,0.0979333,0.117933,0.02,0
8.48117,-0.429384,-2.75389e-20,66.16,0.591656,0.000483264,4.80022,33.3062,1,0.0988,0.1188,0.02,0
8.4243,-0.430001,-3.26394e-20,67.0849,0.597129,0.00048548,5.0898,34.7781,1,0.0996667,0.119667,0.02,0
8.3669,-0.429928,-2.13335e-20,67.995,0.602599,0.000487828,5.37539,36.3007,1,0.100533,0.120533,0.02,0
8.30932,-0.4294,-2.54428e-21,68.8871,0.608063,0.000490293,5.65792,37.8506,1,0.1014,0.1214,0.02,0
8.25159,-0.428465,2.2152e-20,69.7619,0.613519,0.000492861,5.93771,39.4207,1,0.102267,0.122267,0.02,0
8.19355,-0.426815,2.54852e-20,70.6163,0.618974,0.000495588,6.212,41.0468,1,0.103133,0.123133,0.02,0
8.13559,-0.424924,1.80188e-20,71.454,0.6244,0.000498369,6.48435,42.6697,1,0.104,0.124,0.02,0
8.07741,-0.422308,-3.46136e-20,72.2674,0.62985,0.000501366,6.75032,44.3559,1,0.104867,0.124867,0.02,0
8.01935,-0.419377,-7.84598e-20,73.0605,0.635261,0.000504428,7.01317,46.046,1,0.105733,0.125733,0.02,0
7.96133,-0.415976,-1.15036e-19,73.8307,0.640639,0.000507593,7.27137,47.7597,1,0.1066,0.1266,0.02,0
7.90342,-0.41207,-1.06315e-19,74.5763,0.646015,0.000510913,7.52403,49.5101,1,0.107467,0.127467,0.02,0
7.8457,-0.407914,-7.06087e-20,75.304,0.65137,0.000514306,7.77401,51.2613,1,0.108333,0.128333,0.02,0
7.78818,-0.403106,1.07855e-19,75.9905,0.65669,0.00051792,8.01597,53.0582,1,0.1092,0.1292,0.02,0
7.73093,-0.398137,2.46647e-19,76.6604,0.661972,0.000521569,8.25589,54.8406,1,0.110067,0.130067,0.02,0
7.67402,-0.392633,1.13612e-19,77.3036,0.667214,0.000525341,8.48826,56.6532,1,0.110933,0.130933,0.02,0
7.61746,-0.386902,-5.06173e-20,77.9238,0.672417,0.000529186,8.71716,58.4644,1,0.1118,0.1318,0.02,0
7.5613,-0.380808,-2.40511e-19,78.5147,0.677577,0.000533148,8.94047,60.2931,1,0.112667,0.132667,0.02,0
7.50564,-0.374398,-1.90596e-19,79.0698,0.682686,0.000537255,9.15831,62.1185,1,0.113533,0.133533,0.02,0
7.45039,-0.367766,2.6743e-20,79.5989,0.687755,0.000541462,9.37246,63.9353,1,0.1144,0.1344,0.02,0
7.39584,-0.36079,1.11061e-19,80.1088,0.692703,0.000545626,9.57929,65.7396,1,0.115267,0.135267,0.02,0
7.34164,-0.353709,1.54207e-19,80.6081,0.69761,0.000549789,9.78425,67.5255,1,0.116133,0.136133,0.02,0
7.28833,-0.346274,1.16161e-19,81.0655,0.702482,0.000554154,9.98022,69.3793,1,0.117,0.137,0.02,0
7.23537,-0.338767,1.04598e-19,81.5036,0.70734,0.000558612,10.1747,71.2171,1,0.117867,0.137867,0.02,0
7.18335,-0.330986,3.27093e-19,81.8633,0.712192,0.000563553,10.3614,73.0536,1,0.118733,0.138733,0.02,0
7.13182,-0.323119,4.18466e-19,82.2264,0.716988,0.000568407,10.5456,74.8532,1,0.1196,0.1396,0.02,0
7.0812,-0.315083,1.71803e-19,82.597,0.721673,0.000573084,10.7235,76.5937,1,0.120467,0.140467,0.02,0
7.03125,-0.306956,-8.12605e-20,82.9459,0.726288,0.000577789,10.8977,78.3367,1,0.121333,0.141333,0.02,0
6.98209,-0.298721,-3.37806e-19,83.2694,0.730819,0.000582524,11.0671,80.0844,1,0.1222,0.1422,0.02,0
6.9338,-0.290412,-2.32035e-19,83.5274,0.735264,0.000587535,11.2316,81.7986,1,0.123067,0.143067,0.02,0
6.88621,-0.282037,1.80769e-19,83.7401,0.739652,0.000592747,11.3925,83.4919,1,0.123933,0.143933,0.02,0
6.83969,-0.273642,3.14327e-19,83.9051,0.743878,0.000598026,11.5478,85.1394,1,0.1248,0.1448,0.02,0
6.79375,-0.265218,3.03993e-19,84.0538,0.748042,0.000603328,11.7005,86.7704,1,0.125667,0.145667,0.02,0
6.74904,-0.256837,1.68645e-19,84.1021,0.75214,0.000609234,11.8471,88.39,1,0.126533,0.146533,0.02,0
6.70477,-0.248439,-1.06769e-20,84.1317,0.75624,0.000615299,11.992,90.0087,1,0.1274,0.1474,0.02,0
6.66151,-0.240133,-5.07533e-19,84.2268,0.760174,0.000620887,12.1304,91.5928,1,0.128267,0.148267,0.02,0
6.61771,-0.231801,-1.03677e-18,84.3803,0.764075,0.000626357,12.2679,93.2384,1,0.129133,0.149133,0.02,0
6.57565,-0.22363,-1.19471e-18,84.4484,0.767681,0.00063198,12.3986,94.5854,1,0.13,0.15,0.02,0
6.53388,-0.21544,-1.33353e-18,84.5092,0.771268,0.000637634,12.5288,95.9079,1,0.130867,0.150867,0.02,0
6.494,-0.207486,-8.32112e-19,84.56,0.774434,0.000642704,12.6523,96.9232,1,0.131733,0.151733,0.02,0
6.45433,-0.199505,-3.29253e-19,84.6104,0.777599,0.000647786,12.7755,97.9397,1,0.1326,0.1526,0.02,0
6.41657,-0.191814,-7.21314e-19,84.7024,0.78035,0.000651926,12.8924,98.9755,1,0.133467,0.153467,0.02,0
6.379,-0.184095,-1.04742e-18,84.7832,0.783121,0.00065618,13.009,100.013,1,0.134333,0.154333,0.02,0
6.34334,-0.176689,-9.91113e-19,84.6058,0.785726,0.000661975,13.1197,100.915,1,0.1352,0.1552,0.02,0
6.30786,-0.169256,-9.37122e-19,84.435,0.78835,0.000667771,13.2301,101.816,1,0.136067,0.156067,0.02,0
6.2743,-0.162166,-4.21421e-19,84.2573,0.790749,0.000673317,13.3349,102.459,1,0.136933,0.156933,0.02,0
6.24088,-0.155046,5.12584e-20,84.0863,0.793174,0.000678871,13.4394,103.118,1,0.1378,0.1578,0.02,0
6.20942,-0.148298,4.66624e-19,83.9405,0.79532,0.000683846,13.5386,103.669,1,0.138667,0.158667,0.02,0
6.17803,-0.141509,8.88481e-19,83.7982,0.797509,0.000688876,13.6377,104.241,1,0.139533,0.159533,0.02,0
6.14861,-0.135132,5.41794e-19,83.4648,0.799255,0.000694636,13.7316,104.661,1,0.1404,0.1604,0.02,0
6.11924,-0.128712,2.118e-19,83.1423,0.801054,0.000700418,13.8254,105.101,1,0.141267,0.161267,0.02,0
6.09174,-0.122701,5.23683e-21,82.8572,0.80264,0.000705465,13.9145,105.507,1,0.142133,0.162133,0.02,0
6.06435,-0.116665,-2.39873e-19,82.5874,0.804273,0.000710486,14.0033,105.929,1,0.143,0.163,0.02,0
6.03866,-0.111006,1.55706e-19,82.2798,0.805706,0.000715573,14.0879,106.136,1,0.143867,0.163867,0.02,0
6.01318,-0.105348,5.69685e-19,81.9808,0.807174,0.000720677,14.1721,106.341,1,0.144733,0.164733,0.02,0
5.98922,-0.100066,4.58634e-19,81.6252,0.808523,0.00072614,14.2527,106.364,1,0.1456,0.1656,0.02,0
5.96557,-0.0948271,2.89142e-19,81.2687,0.809897,0.000731685,14.3326,106.373,1,0.146467,0.166467,0.02,0
5.94325,-0.0899329,-2.12482e-19,80.9516,0.811083,0.000736615,14.4096,106.406,1,0.147333,0.167333,0.02,0
5.92136,-0.0851314,-8.05988e-19,80.6564,0.812251,0.000741357,14.4855,106.464,1,0.1482,0.1682,0.02,0
5.90057,-0.0806051,-1.04694e-18,80.251,0.813402,0.000747143,14.5591,106.505,1,0.149067,0.169067,0.02,0
5.88036,-0.076218,-1.07044e-18,79.7887,0.81457,0.00075353,14.6314,106.547,1,0.149933,0.169933,0.02,0
5.861,-0.0720413,-7.93275e-19,79.2731,0.815526,0.000760084,14.702,106.513,1,0.1508,0.1708,0.02,0
5.84239,-0.0680594,-2.28763e-19,78.7098,0.816296,0.000766797,14.7709,106.412,1,0.151667,0.171667,0.02,0
5.82433,-0.0642328,1.08078e-19,78.1431,0.816964,0.000773433,14.8386,106.272,1,0.152533,0.172533,0.02,0
5.80718,-0.0606844,-4.30318e-20,77.562,0.817419,0.000779923,14.9044,106.047,1,0.1534,0.1734,0.02,0
5.79031,-0.0572142,-2.32076e-19,77.0243,0.817895,0.000786059,14.9695,105.833,1,0.154267,0.174267,0.02,0
5.77452,-0.0540988,-3.36978e-19,76.6019,0.818243,0.000790859,15.0325,105.581,1,0.155133,0.175133,0.02,0
5.75875,-0.0509781,-4.35843e-19,76.2017,0.818651,0.000795576,15.0952,105.341,1,0.156,0.176,0.02,0
5.74422,-0.0482966,4.15793e-19,75.9475,0.818845,0.000798394,15.1555,104.824,1,0.156867,0.176867,0.02,0
5.72963,-0.0455854,1.34821e-18,75.7103,0.819132,0.000801229,15.2158,104.338,1,0.157733,0.177733,0.02,0
5.71608,-0.0432954,1.63051e-18,75.3748,0.819219,0.000804734,15.2742,103.803,1,0.1586,0.1786,0.02,0
5.70263,-0.0410477,1.77947e-18,75.0368,0.819348,0.000808369,15.3322,103.286,1,0.159467,0.179467,0.02,0
5.68987,-0.0391213,1.76304e-18,74.6303,0.819602,0.000813059,15.389,102.842,1,0.160333,0.180333,0.02,0
5.67743,-0.0373487,1.69274e-18,74.1933,0.819956,0.000818328,15.4452,102.448,1,0.1612,0.1812,0.02,0
5.66536,-0.0357892,1.88123e-18,73.7505,0.820405,0.000823908,15.5008,102.038,1,0.162067,0.182067,0.02,0
5.65379,-0.0345118,2.39586e-18,73.2958,0.820946,0.000829876,15.5555,101.601,1,0.162933,0.182933,0.02,0
5.64232,-0.0333302,2.78974e-18,72.8463,0.821449,0.000835759,15.6099,101.186,1,0.1638,0.1838,0.02,0
5.63148,-0.0325994,2.56475e-18,72.3845,0.821551,0.000841088,15.6635,100.792,1,0.164667,0.184667,0.02,0
5.62056,-0.0318513,2.29588e-18,71.9314,0.821728,0.000846497,15.717,100.421,1,0.165533,0.185533,0.02,0
5.60978,-0.0316987,1.81229e-18,71.5533,0.821676,0.000850929,15.77,100.143,1,0.1664,0.1864,0.02,0
5.59853,-0.0315865,1.28021e-18,71.1808,0.821529,0.000855353,15.8228,99.8533,1,0.167267,0.187267,0.02,0
5.58766,-0.0319169,7.55475e-19,70.803,0.821327,0.000859841,15.8755,99.4634,1,0.168133,0.188133,0.02,0
5.57696,-0.0324637,2.82529e-19,70.4231,0.82113,0.000864431,15.928,99.0348,1,0.169,0.189,0.02,0
5.5664,-0.0332972,6.13493e-20,70.0535,0.820838,0.000868699,15.9807,98.549,1,0.169867,0.189867,0.02,0
5.55606,-0.0346169,2.20332e-19,69.6954,0.820349,0.000872433,16.0334,97.9555,1,0.170733,0.190733,0.02,0
5.54571,-0.0359938,4.23186e-19,69.338,0.819924,0.000876315,16.0861,97.397,1,0.1716,0.1916,0.02,0
5.5355,-0.038265,6.24503e-19,68.9941,0.81946,0.000879883,16.1395,97.0418,1,0.172467,0.192467,0.02,0
5.52526,-0.0405356,8.46855e-19,68.6554,0.819075,0.000883575,16.1928,96.7055,1,0.173333,0.193333,0.02,0
5.51493,-0.0436761,9.92731e-19,68.2523,0.818718,0.00088829,16.247,96.6068,1,0.1742,0.1942,0.02,0
5.50457,-0.0471308,1.1086e-18,67.827,0.818424,0.000893493,16.3013,96.6029,1,0.175067,0.195067,0.02,0
5.49411,-0.0512311,1.26339e-18,67.4761,0.818313,0.000898122,16.3561,96.7203,1,0.175933,0.195933,0.02,0
5.48352,-0.0563343,1.42218e-18,67.2378,0.818421,0.000901722,16.412,97.0158,1,0.1768,0.1968,0.02,0
5.47291,-0.0615021,1.51054e-18,67.0005,0.818591,0.000905449,16.4676,97.3386,1,0.177667,0.197667,0.02,0
5.46149,-0.0686942,1.79385e-18,66.8167,0.819227,0.00090945,16.5228,98.0704,1,0.178533,0.198533,0.02,0
5.4501,-0.0758958,1.9738e-18,66.6316,0.819888,0.000913528,16.5776,98.8028,1,0.1794,0.1994,0.02,0
5.43923,-0.0851765,1.8263e-18,66.5488,0.820994,0.000917138,16.6331,99.7951,1,0.180267,0.200267,0.02,0
5.42867,-0.0955972,1.51008e-18,66.5249,0.822367,0.000920482,16.6887,100.923,1,0.181133,0.201133,0.02,0
5.41748,-0.106834,1.09693e-18,66.5852,0.823778,0.000922707,16.7394,102.172,1,0.182,0.202,0.02,0
5.40423,-0.120599,5.079e-19,66.9055,0.825231,0.000921357,16.7759,103.808,1,0.182867,0.202867,0.02,0
5.39109,-0.134333,-2.76663e-20,67.2331,0.826748,0.000919966,16.8119,105.417,1,0.183733,0.203733,0.02,0
5.38657,-0.152912,1.42036e-19,67.2143,0.827928,0.00092269,16.8533,106.93,1,0.1846,0.2046,0.02,0
5.38395,-0.172423,7.52427e-19,67.1195,0.829039,0.000926331,16.8952,108.383,1,0.185467,0.205467,0.02,0
5.3793,-0.192903,9.67427e-19,67.1897,0.830638,0.00092898,16.9163,109.087,1,0.186333,0.206333,0.02,0
5.37164,-0.215401,8.49056e-20,67.5324,0.83307,0.000929876,16.9054,108.641,1,0.1872,0.2072,0.02,0
5.36479,-0.238198,-8.26195e-19,67.8833,0.835599,0.000930628,16.8921,108.119,1,0.188067,0.208067,0.02,0
5.37077,-0.255568,-5.42874e-19,68.1121,0.837931,0.000932654,16.7778,105.257,1,0.188933,0.208933,0.02,0
5.37756,-0.273101,1.10205e-19,68.3439,0.840287,0.000934359,16.6609,102.276,1,0.1898,0.2098,0.02,0
5.38433,-0.288461,-3.9655e-19,68.5604,0.842272,0.000935268,16.5515,99.8631,1,0.190667,0.210667,0.02,0
5.39116,-0.302135,-2.43488e-18,68.7597,0.843941,0.000935489,16.4483,97.9135,1,0.191533,0.211533,0.02,0
5.39785,-0.315861,-4.7452e-18,68.9866,0.845235,0.000934982,16.3444,95.882,1,0.1924,0.2124,0.02,0
5.40169,-0.327854,-6.10753e-18,69.2768,0.844339,0.00093003,16.2568,94.3547,1,0.193267,0.213267,0.02,0
5.40605,-0.339859,-6.79997e-18,69.5629,0.843432,0.000924843,16.1691,92.8281,1,0.194133,0.214133,0.02,0
5.4109,-0.351116,-6.5654e-18,69.8461,0.842208,0.000918812,16.076,91.3174,1,0.195,0.215,0.02,0
5.41618,-0.36109,-6.15557e-18,70.1258,0.840437,0.00091151,15.9739,89.8276,1,0.195867,0.215867,0.02,0
5.42198,-0.371052,-6.41923e-18,70.399,0.838619,0.000903957,15.8712,88.3307,1,0.196733,0.216733,0.02,0
5.42795,-0.379966,-6.31322e-18,70.668,0.836448,0.000895556,15.7632,87.0022,1,0.1976,0.2176,0.02,0
5.43418,-0.388238,-6.40821e-18,70.9307,0.834023,0.000886523,15.6519,85.776,1,0.198467,0.218467,0.02,0
5.44088,-0.396497,-7.38823e-18,71.1854,0.831525,0.000877214,15.5402,84.5464,1,0.199333,0.219333,0.02,0
5.44631,-0.403954,-4.237e-18,71.5098,0.82839,0.000866686,15.4287,83.5148,1,0.2002,0.2202,0.02,0
5.45081,-0.411145,1.07256e-18,71.9057,0.824695,0.000855244,15.3172,82.535,1,0.201067,0.221067,0.02,0
5.45573,-0.418321,6.38443e-18,72.2985,0.820945,0.00084354,15.2055,81.5641,1,0.201933,0.221933,0.02,0
5.46039,-0.424857,8.3451e-18,72.7202,0.817015,0.00083102,15.0922,80.7414,1,0.2028,0.2228,0.02,0
5.46524,-0.43122,1.00129e-17,73.1508,0.813005,0.000818088,14.9784,79.9678,1,0.203667,0.223667,0.02,0
5.47047,-0.437575,1.23292e-17,73.5825,0.808948,0.000804884,14.8644,79.2077,1,0.204533,0.224533,0.02,0
5.47559,-0.443475,1.32929e-17,74.0558,0.804851,0.000791028,14.7478,78.5872,1,0.2054,0.2254,0.02,0
5.48085,-0.44919,1.45002e-17,74.5509,0.800721,0.000776739,14.6301,78.0363,1,0.206267,0.226267,0.02,0
5.48439,-0.454801,1.3126e-17,75.2741,0.795866,0.000761129,14.5123,77.621,1,0.207133,0.227133,0.02,0
5.48758,-0.460152,1.08306e-17,76.0944,0.790951,0.000744778,14.3929,77.352,1,0.208,0.228,0.02,0
5.49069,-0.465266,7.66961e-18,76.9827,0.786102,0.000727856,14.2718,77.2159,1,0.208867,0.228867,0.02,0
5.49405,-0.470371,5.90725e-18,77.9035,0.781284,0.000710639,14.1508,77.131,1,0.209733,0.229733,0.02,0
5.49755,-0.475399,5.10314e-18,78.8729,0.776536,0.000693058,14.0289,77.126,1,0.2106,0.2306,0.02,0
5.50081,-0.480116,2.37104e-18,79.9535,0.772016,0.000674874,13.9039,77.3094,1,0.211467,0.231467,0.02,0
5.5031,-0.484732,-6.03975e-19,81.2679,0.767317,0.000655887,13.7789,77.7286,1,0.212333,0.232333,0.02,0
5.50329,-0.489149,-2.08991e-18,83.015,0.76229,0.000635669,13.6539,78.5748,1,0.2132,0.2332,0.02,0
5.50319,-0.493306,-1.10104e-18,84.9144,0.757537,0.000614917,13.5253,79.6356,1,0.214067,0.234067,0.02,0
5.50295,-0.497344,-6.02447e-20,86.9273,0.752971,0.000593821,13.3953,80.8534,1,0.214933,0.234933,0.02,0
5.50272,-0.501358,3.29567e-19,89.0271,0.748534,0.000572486,13.2653,82.1881,1,0.2158,0.2358,0.02,0
5.50243,-0.505316,1.02463e-18,91.229,0.744265,0.000550886,13.1346,83.6602,1,0.216667,0.236667,0.02,0
5.49779,-0.508636,4.93409e-18,94.4911,0.740165,0.000527998,12.9992,86.3648,1,0.217533,0.237533,0.02,0
5.49142,-0.511758,4.69158e-18,98.2423,0.736194,0.000504635,12.8638,89.642,1,0.2184,0.2384,0.02,0
5.48476,-0.514829,1.25012e-18,102.168,0.732452,0.000481141,12.7284,93.1387,1,0.219267,0.239267,0.02,0
5.47763,-0.517767,-6.35696e-18,106.317,0.729059,0.000457513,12.5906,96.9197,1,0.220133,0.240133,0.02,0
5.46989,-0.520528,-1.83455e-17,110.728,0.726093,0.00043377,12.4489,101.029,1,0.221,0.241,0.02,0
5.45411,-0.522401,-2.14943e-17,117.464,0.723508,0.000409403,12.3073,108.031,1,0.221867,0.241867,0.02,0
5.43625,-0.524032,-2.09652e-17,124.908,0.721324,0.000384982,12.1657,115.915,1,0.222733,0.242733,0.02,0
5.41743,-0.525495,-1.48867e-17,132.775,0.719646,0.000360622,12.0205,124.313,1,0.2236,0.2436,0.02,0
5.39761,-0.526795,-3.5037e-18,141.083,0.718456,0.000336337,11.8717,133.238,1,0.224467,0.244467,0.02,0
5.36773,-0.526974,1.22566e-18,152.884,0.718024,0.000312267,11.7229,146.898,1,0.225333,0.245333,0.02,0
5.33033,-0.526313,-2.93286e-18,167.396,0.718367,0.000288484,11.5742,164.204,1,0.2262,0.2462,0.02,0
5.29131,-0.525438,-9.37277e-18,182.677,0.719364,0.000264973,11.4215,182.462,1,0.227067,0.247067,0.02,0
5.25062,-0.524345,-1.06974e-17,198.772,0.721029,0.000241749,11.2645,201.722,1,0.227933,0.247933,0.02,0
5.18451,-0.520425,-8.65073e-18,225.373,0.723913,0.000219626,11.1075,237.464,1,0.2288,0.2488,0.02,0
5.1126,-0.515867,-1.05096e-17,254.646,0.727662,0.00019796,10.9505,277.101,1,0.229667,0.249667,0.02,0
5.03811,-0.511023,-1.65436e-17,285.348,0.732284,0.000176675,10.7907,318.598,1,0.230533,0.250533,0.02,0
4.93044,-0.502387,-2.38016e-17,331.768,0.736044,0.000156349,10.6243,421.476,1,0.2314,0.2514,0.02,0
4.79917,-0.491092,-3.31374e-17,389.745,0.739474,0.000136708,10.4579,568.802,1,0.232267,0.252267,0.02,0
4.66402,-0.479393,-4.45504e-17,450.266,0.743819,0.000117404,10.2916,722.526,1,0.233133,0.253133,0.02,0
4.41663,-0.454945,-4.1182e-17,502.103,0.685726,9.45315e-05,10.1253,714.619,1,0.234,0.254,0.02,0
4.12018,-0.424937,-3.18571e-17,551.124,0.601834,7.03959e-05,9.94948,639.628,1,0.234867,0.254867,0.02,0
3.58344,-0.369991,-2.4537e-17,594.001,0.514805,4.66904e-05,9.77283,533.411,1,0.235733,0.255733,0.02,0
1.8842,-0.194547,-1.28599e-17,602.529,0.418478,2.43388e-05,9.59475,284.548,1,0.2366,0.2566,0.02,0
0.158236,-0.0163384,-1.0765e-18,609.701,0.319678,2.02635e-06,9.41669,24.2367,1,0.237467,0.257467,0.02,0
nan,nan,nan,nan,nan,nan,nan,nan,0,0.238333,0.258333,0.02,0
nan,nan,nan,nan,nan,nan,nan,nan,0,0.2392,0.2592,0.02,0
nan,nan,nan,nan,nan,nan,nan,nan,0,0.240067,0.260067,0.02,0
nan,nan,nan,nan,nan,nan,nan,nan,0,0.240933,0.260933,0.02,0
nan,nan,nan,nan,nan,nan,nan,nan,0,0.2418,0.2618,0.02,0
nan,nan,nan,nan,nan,nan,nan,nan,0,0.242667,0.262667,0.02,0
nan,nan,nan,nan,nan,nan,nan,nan,0,0.243533,0.263533,0.02,0
nan,nan,nan,nan,nan,nan,nan,nan,0,0.2444,0.2644,0.02,0
nan,nan,nan,nan,nan,nan,nan,nan,0,0.245267,0.265267,0.02,0
nan,nan,nan,nan,nan,nan,nan,nan,0,0.246133,0.266133,0.02,0
nan,nan,nan,nan,nan,nan,nan,nan,0,0.247,0.267,0.02,0
nan,nan,nan,nan,nan,nan,nan,nan,0,0.247867,0.267867,0.02,0
nan,nan,nan,nan,nan,nan,nan,nan,0,0.248733,0.268733,0.02,0
nan,nan,nan,nan,nan,nan,nan,nan,0,0.2496,0.2696,0.02,0
nan,nan,nan,nan,nan,nan,nan,nan,0,0.250467,0.270467,0.02,0
nan,nan,nan,nan,nan,nan,nan,nan,0,0.251333,0.271333,0.02,0
nan,nan,nan,nan,nan,nan,nan,nan,0,0.2522,0.2722,0.02,0
nan,nan,nan,nan,nan,nan,nan,nan,0,0.253067,0.273067,0.02,0
nan,nan,nan,nan,nan,nan,nan,nan,0,0.253933,0.273933,0.02,0
nan,nan,nan,nan,nan,nan,nan,nan,0,0.2548,0.2748,0.02,0
nan,nan,nan,nan,nan,nan,nan,nan,0,0.255667,0.275667,0.02,0
nan,nan,nan,nan,nan,nan,nan,nan,0,0.256533,0.276533,0.02,0
nan,nan,nan,nan,nan,nan,nan,nan,0,0.2574,0.2774,0.02,0
nan,nan,nan,nan,nan,nan,nan,nan,0,0.258267,0.278267,0.02,0
nan,nan,nan,nan,nan,nan,nan,nan,0,0.259133,0.279133,0.02,0
nan,nan,nan,nan,nan,nan,nan,nan,0,0.26,0.28,0.02,0
